{
  "ID":"acb9902b-cae5-4081-bcc2-dd8e9ede8930",   //Plugin ID，32 bit UUID
  "ActionKeyword":"hltv",                     //Plugin default action keyword
  "Name":"HLTV",                              //Plugin name
  "Description":"HLTV Match Display",    //Plugin description
  "Author":"Duckfield",                     //Plugin Author
  "Version":"3.0.0",                         //Plugin version，must be x.x.x format
  "Language":"csharp",                       //Plugin language，we support csharp,python and executable now
  "Website":"http://www.duckfield.online",         //Plugin website or author website
  "IcoPath": "icon.png",              //Plugin icon, relative path to the pluign folder
  "ExecuteFileName":"Hltv.dll"   //Execution entry. Dll name for c# plugin, and python file for python plugin
}